maroko-01.jpg;Honza a Tereza;Maroko, Fes
cas-04.jpg;Chudá čtvrť vedle mediny;Maroko, Casablanca
cas-06.jpg;Moderní Casablanca;Maroko, Casablanca
cas-08.jpg;Medina;Maroko, Casablanca 2004
cas-01.jpg;Mešita Hassana II.;Maroko, Casablanca 2004
cas-07.jpg;Terezka u brány Mešity Hassana II.;Maroko, Casablanca 2004
cas-03.jpg;Mešita HassanaII. uvnitř;Maroko, Casablanca, 2004.
cas-09.jpg;Mešita Hassana II.;Prostor pro věřící. Maroko, Casablanca, 2004.
cas-05.jpg;Mešita Hassana II.;Pohled z chudé čtvrti. Maroko, Casablanca, 2004.
cas-02.jpg;Jeden z průchodů kolem mešity Hassana II.;Maroko, Casablanca, 2004.
fes-01.jpg;Pavlač v Hotelu du Parc;Maroko, Fes, 2004.
fes-02.jpg;Zátiší v Hotelu du Parc;Maroko, Fes, 2004.
fes-03.jpg;Brána do Fes el-Bali;Maroko, Fes, 2004.
fes-10.jpg;Tradičně oblečený stařík na náměstí;Maroko, Fes, 2004.
fes-12.jpg;Čápi;Čápi, kteří pravidelně odpočívali na věži královského paláce. Maroko, Fes, 2004.
fes-07.jpg;Satelitní antény coby znak svobody?;Maroko, Fes, 2004
fes-09.jpg;Modernizace nebo tradice?;Maroko, Fes, 2004.
fes-05.jpg;Koželužny;Maroko, Fes, 2004.
fes-04.jpg;Sušení vydělávaných kůží;Maroko, Fes, 2004.
fes-06.jpg;Obracení vydělávaný ch kůží;Maroko, Fes, 2004.
fes-08.jpg;Vydělávání kůží;Maroko, Fes, 2004.
bml-01.jpg;Beni Mellal, náměstí :);Maroko, Beni-Melal, 2004.
bml-02.jpg;Kropící vůz;Maroko, Beni-Melal, 2004.
bml-03.jpg;Zastávka po cestě do Azilalu;Maroko, 2004.
fes-11.jpg;Všudypřítomný McDonald's;Maroko, Fes, 2004.
ouz-03.jpg;Cascades d'Ouzoud;Maroko 2004.
ouz-05.jpg;Cascades d'Ouzoud;Maroko 2004.
ouz-01.jpg;Pohled na jezero pod vodopády a vůbec na celé údolí;Maroko 2004.
ouz-06.jpg;Údolí zespodu;Maroko 2004.
ouz-04.jpg;Hotel Dar es-Salaam;Maroko 2004.
mar-08.jpg;Náměstí Djema el-Fna v podvečer;Maroko, Marrakech, 2004.
mar-09.jpg;Trhy na náměstí Djema el-Fna;Maroko, Marrakech, 2004.
mar-04.jpg;Jardin Ménara;Maroko, Marrakech, 2004.
mar-05.jpg;Jardin Majorelle;Maroko, Marrakech, 2004.
mar-06.jpg;Jardin Majorelle;Maroko, Marrakech, 2004.
mar-07.jpg;Jardin Majorelle;Maroko, Marrakech, 2004.
mar-02.jpg;Palác de la Bahia;Maroko, Marrakech, 2004.
mar-01.jpg;Palác de la Bahia;Maroko, Marrakech, 2004.
mar-03.jpg;Palác de la Bahia;Maroko, Marrakech, 2004.
tub-01.jpg;Horská vesnice;Poslední vesnice při výstupu na Tubkal. Maroko, Velký Atlas, 2004.
tub-02.jpg;Mauzoleum Sidi Šamharůše;Je to v podstatě kámen, který na Sidiho spadl z nebes, zrovna když se potuloval kolem v podobě psa. Od té doby se Sidi potuluje kolem v podobě kočky. Jak jsem koupil, tak prodávám... Maroko, Velký Atlas, 2004.
tub-03.jpg;Refuge du Tubkal;Maroko, Velký Atlas, 2004.
tub-04.jpg;Výstup na Džebel Tubkal;Maroko, Velký Atlas, 2004.
tub-05.jpg;Těsně pod vrcholem Džebel Tubkalu;Maroko, Velký Atlas, 2004.
tub-06.jpg;Pohled z vrcholu Džebel Tubkalu;Maroko, Velký Atlas, 2004.
tub-07.jpg;Stádo ovcí a koz na cestě u Refuge du Tubkal;Maroko, Velký Atlas, 2004.
tub-09.jpg;Opět horská vesnice;Maroko, Velký Atlas, 2004.
2004tubkal.jpg;Pohled z vrcholu Džebel Tubkal;Maroko, Velký Atlas, 2004.
tub-08.jpg;Sestup do údolí;Maroko, Velký Atlas, 2004.
aga-01.jpg;Altán pro strážníky?;Maroko, Agadir, 2004.
aga-02.jpg;jeřáb panenský;jeřáb panenský (anthropoides virgo) Maroko 2004.
aga-03.jpg;paovce hřivnatá;paovce hřivnatá (ammotragus lervia) Maroko 2004.
aga-04.jpg;gazela dorcas;Maroko 2004.
aga-05.jpg;Terezka;Terezka (tez aviaticus) Maroko 2004.
ouz-02.jpg;Terezka a Honza;Maroko, Cascades d Ouzoud, 2004.
